{
  "Report Summary": {
    "Text File": "TPBank_2023_ESG_raw.txt",
    "Total Characters": 274141,
    "Total Tokens": 51947,
    "Date Calculated": "2026-04-05 04:27:55"
  },
  "ESG Scores": {
    "E_tfidf": 0.012638151967167499,
    "S_tfidf": 0.00961918057454568,
    "G_tfidf": 0.015123867937966844
  },
  "GSI Score": {
    "GSI_Raw": 0.01246040015989334,
    "Risk Level": "Pending Clustering"
  },
  "Keywords Found": {
    "Total": 75,
    "E Keywords": 33,
    "S Keywords": 26,
    "G Keywords": 24
  }
}