{
  "Report Summary": {
    "Text File": "VietinBank_2024_ESG_raw.txt",
    "Total Characters": 130287,
    "Total Tokens": 25531,
    "Date Calculated": "2026-04-05 00:28:26"
  },
  "ESG Scores": {
    "E_tfidf": 0.005397777000379206,
    "S_tfidf": 0.0010721032731312624,
    "G_tfidf": 0.002153670533762055
  },
  "GSI Score": {
    "GSI_Raw": 0.0028745169357575076,
    "Risk Level": "Pending Clustering"
  },
  "Keywords Found": {
    "Total": 20,
    "E Keywords": 16,
    "S Keywords": 3,
    "G Keywords": 2
  }
}