{
  "Report Summary": {
    "Text File": "VietinBank_2023_ESG_raw.txt",
    "Total Characters": 136407,
    "Total Tokens": 25169,
    "Date Calculated": "2026-04-04 22:50:24"
  },
  "ESG Scores": {
    "E_tfidf": 0.009926079238218312,
    "S_tfidf": 0.003937835337894874,
    "G_tfidf": 0.005489066008464285
  },
  "GSI Score": {
    "GSI_Raw": 0.00645099352819249,
    "Risk Level": "Pending Clustering"
  },
  "Keywords Found": {
    "Total": 34,
    "E Keywords": 19,
    "S Keywords": 9,
    "G Keywords": 10
  }
}