{
  "Report Summary": {
    "Text File": "BIDV_2023_ESG_raw.txt",
    "Total Characters": 223364,
    "Total Tokens": 42700,
    "Date Calculated": "2026-04-04 15:17:34"
  },
  "ESG Scores": {
    "E_tfidf": 0.017629809859864006,
    "S_tfidf": 0.005168641498142536,
    "G_tfidf": 0.013448062728128828
  },
  "GSI Score": {
    "GSI_Raw": 0.012082171362045122,
    "Risk Level": "Pending Clustering"
  },
  "Keywords Found": {
    "Total": 51,
    "E Keywords": 20,
    "S Keywords": 16,
    "G Keywords": 18
  }
}