{
  "Report Summary": {
    "Text File": "OCB_2024_ESG_raw.txt",
    "Total Characters": 342876,
    "Total Tokens": 60738,
    "Date Calculated": "2026-04-05 09:57:45"
  },
  "ESG Scores": {
    "E_tfidf": 0.010234896641113503,
    "S_tfidf": 0.0054520162184461774,
    "G_tfidf": 0.010682816556569908
  },
  "GSI Score": {
    "GSI_Raw": 0.008789909805376528,
    "Risk Level": "Pending Clustering"
  },
  "Keywords Found": {
    "Total": 80,
    "E Keywords": 35,
    "S Keywords": 25,
    "G Keywords": 26
  }
}