{
  "Report Summary": {
    "Text File": "SeABank_2024_ESG_raw.txt",
    "Total Characters": 242868,
    "Total Tokens": 46003,
    "Date Calculated": "2026-04-05 19:04:17"
  },
  "ESG Scores": {
    "E_tfidf": 0.015601361798609171,
    "S_tfidf": 0.0028952219177128934,
    "G_tfidf": 0.013305487353467475
  },
  "GSI Score": {
    "GSI_Raw": 0.010600690356596512,
    "Risk Level": "Pending Clustering"
  },
  "Keywords Found": {
    "Total": 63,
    "E Keywords": 29,
    "S Keywords": 16,
    "G Keywords": 21
  }
}